"","서울","부산","대구","인천","광주","대전","울산","수원","청주","제주","전주"
"..11",1738.33333333333,1937.5,1627.5,1280,1610,1335,1980,2050,1890,1980,1380
"..12",1738.33333333333,1937.5,1627.5,1280,1610,1560,1980,2050,1890,1980,1380
"..13",1738.33333333333,1937.5,1627.5,1280,1610,1560,1980,2050,2010,1980,1380
"..14",1538.33333333333,1692.5,1442.5,1380,1390,1310,1000,2050,2010,1980,1380
"..15",1538.33333333333,1692.5,1492.5,1380,1390,1310,1000,2050,2010,2140,1380
"..16",1543.33333333333,1692.5,1492.5,1380,1390,1310,1000,2110,2340,2140,1380
"..17",1543.33333333333,1692.5,1492.5,1380,1390,1310,1000,1580,2340,2140,1380
"..18",1543.33333333333,1692.5,1492.5,1380,1390,1310,1000,1580,2340,2140,1380
"..19",1676.66666666667,2080,1760,1380,1635,1660,2380,1580,2340,2140,1380
"..110",1676.66666666667,2080,1860,1380,1735,1635,1380,1580,2340,2320,1380
"..111",1676.66666666667,2105,1860,1380,1735,1635,1380,1580,2370,2320,1380
"..112",1743.33333333333,2105,1860,1380,1760,1352.5,1380,1580,2370,2320,1380
"..113",1743.33333333333,2105,1872.5,1380,1760,1352.5,1380,1580,2370,2320,1380
"..114",1793.33333333333,2105,2042.5,1380,1885,1860,1380,1580,2370,2650,1680
"..115",1793.33333333333,2155,2042.5,1380,1885,1860,1380,2240,2370,2650,1680
"..116",1665,2180,2042.5,1380,2060,1860,2380,2240,2370,2650,1680
"..117",1722,2205,2105,1380,2210,1860,2680,2240,2490,2650,1680
"..118",1722,2255,2185,1380,2210,1610,2680,2240,2490,2650,1680
"..119",1665,2355,2185,1380,2260,1680,2680,2440,2490,2700,1980
"..120",1665,2355,2185,1380,2260,1680,2680,2440,2490,2580,1980
"..121",1942,2535,2210,2580,2260,2160,2680,2280,2580,2580,1980
"..122",1911.66666666667,2535,2210,2580,2260,2160,2680,2280,2580,2270,1980
"..123",2296.66666666667,2585,2210,1980,2260,2335,2680,2840,2580,2580,1980
"..124",1996.66666666667,2585,2210,1680,2035,2335,2680,2840,2580,2580,1980
"..125",2046.66666666667,2585,2085,1980,2210,2335,2680,2840,2580,2580,1980
"..126",1845,2560,2085,1680,2035,2010,2680,2840,2580,2580,1680
"..127",1795,2610,2085,1680,2035,2010,2680,2840,2580,2240,1680
"..128",1921.66666666667,2635,2160,1680,2035,2010,2680,2840,2580,2240,1680
"..129",1938.33333333333,2635,2160,1680,2060,2010,2680,2840,2580,2240,1680
"..130",1938.33333333333,2635,2160,1680,2060,1985,2680,2690,2580,2240,1680
"..131",2091.66666666667,2635,2185,1680,2060,2010,2680,2690,2580,2240,1680
"..132",2076.66666666667,2635,2085,1680,2060,2010,2680,2690,1650,1980,1680
"..133",2018.33333333333,2635,2085,1680,2060,2010,2680,2510,1650,1980,1680
"..134",2018.33333333333,2635,2085,1680,2060,2010,2680,2510,1650,1980,1680
"..135",1835,2585,2130,1580,2035,2010,2680,2510,1650,1980,1680
"..136",1681.66666666667,2585,2130,1580,2010,1985,2680,2510,1650,1980,1680
"..137",1681.66666666667,2585,2130,1580,1985,1985,2680,2510,1650,1980,1680
"..138",1760,2585,2130,1580,1985,1985,2680,2510,2450,1980,1680
"..139",1760,2585,2130,1580,1985,1730,2680,2510,2020,1980,1680
"..140",1696.66666666667,2360,1905,1380,1835,1785,1880,1480,2020,1980,1380
"..141",1780,2360,1860,1780,1735,1835,1880,1480,2020,1980,1680
"..142",1761.66666666667,2260,1860,1680,1735,1860,1880,1480,2020,2240,1680
"..143",1761.66666666667,2210,1835,1680,1760,1860,1880,1480,2020,1980,1680
"..144",1761.66666666667,2310,1785,1680,1760,1860,1880,1480,1950,1980,1680
"..145",1761.66666666667,2310,1785,1680,1760,1860,1880,1480,1950,1980,1680
"..146",1761.66666666667,2310,1785,1680,1760,1860,1880,1480,1950,1980,1680
"..147",1793.33333333333,2310,1785,1680,1760,1860,1880,2510,1950,1980,1680
"..148",1793.33333333333,2310,1877.5,1680,1760,1860,1880,2510,1950,1940,1680
"..149",1793.33333333333,2310,1877.5,1680,1760,1860,1880,2510,1950,1940,1680
"..150",1793.33333333333,2310,1877.5,1680,1760,1860,1880,2510,1950,1940,1680
"..151",1793.33333333333,2310,1877.5,1680,1760,1860,1880,2510,2050,1940,1680
"..152",1783.33333333333,2310,1877.5,1680,1760,1860,1880,2510,2100,2480,1680
"..153",1783.33333333333,2310,1877.5,1680,1760,1860,1880,2510,2100,2480,1680
"..154",1783.33333333333,2310,1877.5,1680,1760,1860,1880,2510,2100,2480,1680
"..155",1783.33333333333,2310,1877.5,1680,1760,1860,1880,2510,2100,2480,1680
"..156",1783.33333333333,2310,1877.5,1680,1760,1860,1880,2510,2100,2480,1680
"..157",1736.66666666667,2310,1877.5,1680,1760,1860,1880,2510,1980,2480,1680
"..158",1736.66666666667,2310,1877.5,1680,1760,1860,1880,2510,2280,2480,1680
"..159",1736.66666666667,2310,1877.5,1680,1760,1860,1880,2510,2280,2480,1680
"..160",1736.66666666667,2310,1877.5,1680,1760,1935,2180,2510,2280,2480,1680
"..161",1736.66666666667,2335,1877.5,1680,1760,1935,2180,2510,2280,2480,1680
"..162",1853.33333333333,2335,1877.5,1680,1760,1935,2180,2450,2280,2580,1680
"..163",1866.66666666667,2335,1877.5,1680,1760,1935,2180,2450,2280,2580,1680
"..164",1866.66666666667,2335,1877.5,1680,1760,1935,2180,2450,2280,2580,1680
"..165",1916.66666666667,2335,1877.5,1680,1760,1935,2180,2450,2280,2580,1680
"..166",1868.33333333333,2335,1877.5,1680,1760,1935,2180,2450,2280,1980,1680
"..167",1866.66666666667,2335,1877.5,1980,1760,1935,2180,2390,2280,2580,1680
"..168",1866.66666666667,2335,1877.5,1980,1760,1935,2180,2390,2280,2580,1680
"..169",1866.66666666667,2335,1877.5,1980,1885,1935,2180,2390,2280,2580,1680
"..170",1916.66666666667,2335,1877.5,1980,1760,1935,2180,2390,1790,2580,1680
"..171",1916.66666666667,2335,1877.5,1980,1760,1935,2180,2390,1790,2580,1680
"..172",2026.66666666667,2335,1877.5,1680,1885,1935,2180,2310,1790,2570,1680
"..173",2026.66666666667,2335,1877.5,1980,1885,1935,2180,2310,1790,2570,1680
"..174",2026.66666666667,2335,1877.5,1980,1885,1935,2180,2310,1790,2570,1680
"..175",1743.33333333333,2335,1877.5,1580,1735,2035,2180,2310,1790,2570,1680
"..176",1743.33333333333,2335,1877.5,1580,1735,2035,2180,2310,1790,2570,1680
"..177",1743.33333333333,2335,1877.5,1580,1735,2035,2180,2310,2280,1550,1680
"..178",1716.66666666667,2335,1877.5,1580,1735,2020,2680,2310,2280,1550,1680
"..179",1716.66666666667,2335,1877.5,1580,1735,2020,2680,2310,2280,1550,1680
"..180",1800,2260,1877.5,1580,1835,2095,2880,1480,2280,1980,1680
"..181",1866.66666666667,2260,1877.5,1680,1835,2095,2880,1480,1480,1980,1680
"..182",1818.33333333333,2260,1927.5,1780,1835,2095,2880,1400,1480,2570,1680
"..183",1816.66666666667,2260,1927.5,1650,1835,2082.5,2880,1400,1480,2570,1680
"..184",1816.66666666667,2260,1927.5,1650,1835,2082.5,2880,1400,1480,2570,1680
"..185",1753.33333333333,2335,1927.5,1780,1835,1775,2880,1400,1480,2820,1680
"..186",1985,2335,1927.5,1680,1835,2075,2680,2580,2280,2450,1680
"..187",1985,2335,1927.5,1980,1835,2075,2680,2580,2580,2450,1680
"..188",2085,2335,1977.5,1980,1885,2207.5,2680,2580,2580,2450,1880
"..189",2085,2335,2027.5,2500,1935,2207.5,2680,2580,2580,2450,1880
"..190",2125,2385,2160,2100,1990,2207.5,2680,2640,2580,2450,1880
"..191",2125,2385,2160,2100,1990,2207.5,2680,2640,2580,2450,1880
"..192",2188.33333333333,2385,2160,2100,1990,2207.5,2680,2640,2780,2450,1880
"..193",2105,2435,2160,1900,1915,2187.5,2680,2640,2780,2180,1880
"..194",2055,2435,2160,1900,1915,2165,2680,2640,2780,2180,1880
"..195",2075,2435,2160,1900,2065,2165,2680,2380,2780,2180,1880
"..196",1925,2460,2160,1900,2065,2165,2680,2380,2780,2180,1880
"..197",1925,2460,2160,1900,2065,2165,2680,2380,2780,2180,1880
"..198",2075,2460,2260,2400,2065,2115,2680,2630,2780,2180,1880
"..199",2141.66666666667,2460,2260,2400,2065,2115,2680,2630,2780,2780,1880
"..1100",2286.66666666667,2435,2217.5,2400,2090,2165,2680,2700,2780,2780,1880
"..1101",2275,2435,2217.5,2400,2090,2165,2680,2700,2780,2780,1880
"..1102",2241.66666666667,2435,2217.5,2400,1940,2165,2680,2700,2780,2780,1880
"..1103",2308.33333333333,2435,2317.5,2400,2090,2265,2680,2700,2780,2780,2280
"..1104",2375,2435,2417.5,2400,2115,2290,2680,2700,2780,2780,2280
"..1105",2316.66666666667,2535,2417.5,2280,2315,2410,2980,2780,2980,2780,2280
"..1106",2316.66666666667,2535,2417.5,2280,2315,2410,2980,2780,2980,2780,2280
"..1107",2316.66666666667,2535,2417.5,2280,2315,2410,2980,2780,2980,2780,2280
"..1108",2333.33333333333,2535,2417.5,2280,2315,2425,2980,2780,2980,2980,2280
"..1109",2338.33333333333,2585,2417.5,2280,2315,2425,2980,2780,2980,2990,2280
"..1110",2333.33333333333,2585,2417.5,2280,2340,2425,2980,2780,2980,2990,2280
"..1111",2408.33333333333,2585,2417.5,2280,2340,2425,2980,2780,2980,2990,2280
"..1112",2333.33333333333,2585,2417.5,2280,2340,2425,3380,2780,2980,2990,2280
"..1113",2338.33333333333,2585,2520,2280,2415,2425,3380,2780,2980,2990,2280
"..1114",2355,2585,2445,2280,2465,2425,3380,2780,2980,2990,2280
"..1115",2355,2585,2445,2280,2390,2250,3380,2750,2980,2990,2280
"..1116",2350,2585,2445,2280,2390,2250,3380,2750,2980,2990,2280
"..1117",2355,2585,2445,2280,2390,2250,2980,2750,2980,2990,2280
"..1118",2355,2585,2620,2280,2565,2250,2980,2750,2980,2990,2280
"..1119",2388.33333333333,2710,2520,2500,2565,2250,2980,2740,2980,2990,2280
"..1120",2388.33333333333,2710,2520,2500,2565,2250,2980,2740,2980,2990,2280
"..1121",2388.33333333333,2710,2462.5,2500,2465,2250,2280,2740,2980,2990,2280
"..1122",2235,2685,2562.5,2500,2565,2250,2280,2740,2980,2990,2280
"..1123",2166.66666666667,2685,2562.5,2500,2565,2250,2280,2740,2500,2990,2280
"..1124",2166.66666666667,2585,2562.5,2500,2565,2250,2280,2740,2250,2990,2280
"..1125",2166.66666666667,2585,2562.5,2500,2565,2250,2280,2740,2250,2990,2280
"..1126",2166.66666666667,2585,2562.5,2500,2565,2250,2280,2740,2250,2990,2280
"..1127",2216.66666666667,2585,2562.5,2180,2565,2250,2280,2740,2250,2990,2280
"..1128",2216.66666666667,2585,2562.5,2500,2440,2250,2280,2650,2250,2990,2280
"..1129",2216.66666666667,2560,2367.5,2280,2440,2250,2280,2650,2250,2990,2280
"..1130",2216.66666666667,2560,2367.5,2280,2440,2250,2280,2650,2250,2990,2280
"..1131",2320,2410,2367.5,2500,2390,2250,2280,2650,2250,2990,2280
"..1132",2320,2410,2367.5,2500,2540,2250,2280,2650,2250,2990,2280
"..1133",2233.33333333333,2410,2537.5,2500,2440,2250,2280,2650,2250,2180,2280
"..1134",2320,2410,2537.5,2500,2440,2250,2280,2650,2250,2180,2280
"..1135",2320,2410,2537.5,2500,2440,2250,2280,2650,2250,2180,2280
"..1136",2320,2427.5,2537.5,2500,2532.5,2250,2280,2630,2250,2180,2280
"..1137",2320,2252.5,2385,2500,2457.5,2250,2280,2630,2250,2180,2280
"..1138",2285,2252.5,2385,2500,2457.5,2250,2280,2630,1980,2180,2280
"..1139",2285,2352.5,2385,2500,2457.5,2305,2280,2600,1980,2180,2280
"..1140",2251.66666666667,2352.5,2385,2500,2457.5,2305,2280,2250,1980,2280,2280
"..1141",2251.66666666667,2352.5,2385,2500,2457.5,2305,2280,2250,1980,2280,2280
"..1142",2046.66666666667,2352.5,2302.5,1980,2270,2102.5,2280,2250,1980,2080,1950
"..1143",2046.66666666667,2352.5,2060,1980,2027.5,2102.5,2280,2250,1980,1950,1950
"..1144",2115,2315,2330,1980,2357.5,2177.5,2980,2250,1900,1950,1950
"..1145",2095,2265,2330,1980,2357.5,2177.5,2980,2250,1900,1950,1950
"..1146",2095,2265,2330,2200,2357.5,2177.5,2280,2250,1900,1950,1950
"..1147",2095,2190,2112.5,2200,2282.5,2177.5,2280,2250,1890,1950,1950
"..1148",2095,2265,2112.5,2200,2282.5,2177.5,2280,2250,1890,1950,1950
"..1149",2118.33333333333,2365,2117.5,2200,2315,2102.5,2280,2250,1890,1950,2080
"..1150",2118.33333333333,2365,2117.5,2200,2315,2102.5,2280,2250,1890,1950,2080
"..1151",2118.33333333333,2365,2117.5,2200,2315,2177.5,2280,2250,1890,1950,2080
"..1152",2068.33333333333,2065,2042.5,2200,2240,2027.5,1980,2250,1890,2080,2080
"..1153",2068.33333333333,2065,2042.5,2200,2240,2027.5,1980,2250,2100,1950,1950
"..1154",2056.66666666667,2040,2010,1980,2240,2027.5,1980,2250,2100,1950,1950
"..1155",2056.66666666667,2040,2010,1980,2240,2027.5,1980,2250,2200,1950,1950
"..1156",2156.66666666667,2190,2192.5,1950,2210,2210,2580,2250,2200,1950,2080
"..1157",2111.66666666667,2190,2192.5,1950,2210,2210,2580,2250,1980,1950,2080
"..1158",2106.66666666667,2190,2192.5,1950,2085,2210,2080,2250,1980,2080,2080
"..1159",2023.33333333333,2190,2067.5,1950,2085,2085,2080,2250,2380,2080,2080
"..1160",2045,2390,2337.5,1950,2285,2110,2880,2250,2480,2080,2080
"..1161",2166.66666666667,2165,2287.5,1950,2302.5,2235,2580,2250,2480,2180,2180
"..1162",2166.66666666667,2040,2162.5,2080,2302.5,2110,2080,2250,2480,2180,2180
"..1163",2076.66666666667,2335,2287.5,1980,2235,2085,1950,2250,2480,2180,2180
"..1164",2093.33333333333,2335,2287.5,1980,2235,2085,1950,2250,2180,2180,2180
"..1165",1970,2155,2287.5,1750,2077.5,2002.5,1950,2250,2180,2180,2180
"..1166",1986.66666666667,2055,2187.5,1750,2077.5,2077.5,2180,2160,2180,2180,2180
"..1167",1910,1955,2045,1750,2052.5,2077.5,2080,1700,1700,2280,2180
"..1168",1860,2040,2045,1750,2052.5,2002.5,2080,1700,1700,1980,1980
"..1169",1860,2040,2045,1750,2052.5,2002.5,2080,1700,1700,1980,1980
"..1170",1915,1915,2045,1750,2052.5,2002.5,2080,1700,1700,1980,1980
"..1171",1915,1915,1970,1950,2185,2060,2080,1700,1700,1980,1880
"..1172",1936.66666666667,1915,1970,2080,2060,2060,2080,1700,1700,1980,1880
"..1173",1953.33333333333,2105,2007.5,2080,2060,2060,2080,2570,2180,1980,1880
"..1174",1915,1897.5,1950,2500,2002.5,2002.5,1850,2180,2180,2810,1880
"..1175",1915,1897.5,1950,2080,2002.5,1952.5,1850,2180,2180,2180,1880
"..1176",1915,1897.5,1950,1950,2002.5,1952.5,1850,2180,2180,2180,1880
"..1177",1930,1897.5,1950,1950,2002.5,1952.5,1850,2180,2180,2180,1880
"..1178",1930,1897.5,1950,1950,2002.5,1952.5,1850,2180,2180,2180,1880
"..1179",1830,1947.5,1950,1780,2002.5,1877.5,1850,2180,2080,2180,1770
"..1180",1830,1947.5,1950,1780,1927.5,1877.5,1780,2180,2080,2180,1770
"..1181",1813.33333333333,2030,1962.5,1780,1927.5,1877.5,1780,2180,2080,2180,1770
"..1182",1808.33333333333,2030,1962.5,1780,1927.5,1877.5,1780,2180,1980,2180,1770
"..1183",1808.33333333333,2030,1915,1780,1927.5,1827.5,1780,2180,1980,2180,1770
"..1184",1816.66666666667,1885,1867.5,1780,1960,1990,2280,2180,1980,2180,1580
"..1185",1740,1702.5,1685,1550,1670,1620,1550,2180,1580,1980,1580
"..1186",1601.66666666667,1652.5,1685,1550,1670,1752.5,1550,2180,1580,2180,1580
"..1187",1601.66666666667,1652.5,1685,1550,1670,1752.5,1550,2180,1580,2180,1580
"..1188",1761.66666666667,1910,1792.5,1750,1835,1752.5,1550,2180,1580,2180,1680
"..1189",1783.33333333333,1910,1792.5,1750,1835,1785,1680,2180,1580,2180,1680
"..1190",1683.33333333333,1760,1792.5,1750,1860,1810,1680,2090,1980,2180,1680
"..1191",1683.33333333333,1760,1817.5,1750,1860,1810,1680,2090,1580,2180,1680
"..1192",1683.33333333333,1802.5,1817.5,1750,1860,1810,1680,2090,1580,2180,1680
"..1193",1795,1802.5,1817.5,1600,1790,1785,1680,2090,1580,2250,1680
"..1194",1770,1802.5,1817.5,1600,1790,1785,1680,2090,1580,1680,1680
"..1195",1770,1802.5,1817.5,1600,1790,1690,1680,2090,1580,2250,1680
"..1196",1770,1802.5,1817.5,1600,1765,1690,1680,2090,1580,2250,1680
"..1197",1770,1802.5,1817.5,1600,1765,1690,1680,2090,1580,2250,1680
"..1198",1800,1720,1735,1680,1702.5,1702.5,1650,2090,1580,2360,1650
"..1199",1695,1720,1735,1680,1702.5,1702.5,1650,2090,1580,2360,1650
"..1200",1763.33333333333,1720,1735,1680,1727.5,1702.5,1650,2090,1580,1580,1650
"..1201",1763.33333333333,1720,1707.5,1680,1727.5,1702.5,1650,2180,1580,1580,1650
"..1202",1763.33333333333,1720,1707.5,1680,1727.5,1702.5,1650,2180,1580,1580,1650
"..1203",1491.66666666667,1710,1592.5,1350,1577.5,1527.5,1680,2180,1280,2360,1280
"..1204",1435,1710,1535,1180,1520,1485,1680,2180,1280,2360,1280
"..1205",1416.66666666667,1710,1517.5,1180,1452.5,1485,1680,2180,1280,2360,1280
"..1206",1416.66666666667,1710,1517.5,1180,1410,1485,1680,2180,1280,1280,1280
"..1207",1416.66666666667,1710,1517.5,1180,1410,1485,1680,2180,1280,1280,1280
"..1208",1598.33333333333,1610,1592.5,1250,1402.5,1552.5,1480,2180,1280,1680,1650
"..1209",1461.66666666667,1485,1642.5,1250,1452.5,1602.5,1480,2180,1280,1680,1650
"..1210",1680,1785,1702.5,1250,1660,1602.5,1480,2180,1680,1980,1650
"..1211",1571.66666666667,1785,1702.5,1250,1653.33333333333,1602.5,1480,2180,1680,1980,1650
"..1212",1610,1785,1690,1250,1653.33333333333,1602.5,1680,2180,1680,1980,1650
"..1213",1681.66666666667,1635,1590,1250,1653.33333333333,1710,1680,2150,1680,1830,1650
"..1214",1610,1635,1690,1250,1510,1710,1680,2150,1680,1650,1650
"..1215",1666.66666666667,1735,1690,1680,1660,1710,1680,2150,1680,1650,1650
"..1216",1690,1735,1690,1680,1660,1710,1680,2150,1680,1650,1650
"..1217",1706.66666666667,1735,1690,1680,1660,1710,1680,2150,1580,1650,1650
"..1218",1563.33333333333,1627.5,1762.5,1350,1645,1695,1950,2150,1580,1650,1650
"..1219",1608.33333333333,1627.5,1762.5,1350,1645,1695,1950,2150,1280,1650,1650
"..1220",1648.33333333333,1627.5,1827.5,1350,1645,1695,1950,2290,1880,1650,1650
"..1221",1698.33333333333,1627.5,1855,1350,1695,1695,1950,2290,1980,1650,1650
"..1222",1698.33333333333,1677.5,1855,1350,1695,1695,1950,2290,1980,1650,1650
"..1223",2003.33333333333,1910,1942.5,1850,2002.5,2002.5,2380,2290,1980,2750,1980
"..1224",2046.66666666667,1760,1955,1850,2002.5,1902.5,2380,2290,2280,2750,1980
"..1225",2046.66666666667,1760,1822.5,2050,1920,1895,1980,2290,2280,2790,1980
"..1226",2046.66666666667,1760,1867.5,2050,1920,1895,1980,2500,2380,2790,1980
"..1227",1931.66666666667,1760,1867.5,2050,1920,1895,1980,2500,2380,2350,1980
"..1228",1926.66666666667,1860,1867.5,2080,1977.5,1895,1850,2500,1880,2380,1850
"..1229",1938.33333333333,1960,2025,2080,1970,1895,1850,2450,2380,2380,1850
"..1230",1871.66666666667,1927.5,2025,2080,1945,1895,1850,2450,2380,2380,1850
"..1231",1871.66666666667,1910,2057.5,2080,1977.5,1895,1850,2450,2380,2380,1850
"..1232",1976.66666666667,1852.5,2232.5,2080,2152.5,1895,1850,2450,1880,2380,1850
"..1233",1976.66666666667,1852.5,2122.5,2080,2152.5,1895,1850,1800,1880,2080,1850
"..1234",2098.33333333333,1902.5,2037.5,2080,1945,1895,2580,1800,1880,2080,1850
"..1235",1976.66666666667,1902.5,1962.5,2080,1945,1895,1850,1800,1880,2080,1850
"..1236",1976.66666666667,1952.5,1962.5,2080,2020,1895,1850,1800,2450,2080,1850
"..1237",2181.66666666667,2210,2195,2080,2252.5,2182.5,2580,1800,2450,2080,2050
"..1238",2093.33333333333,2027.5,1965,2480,2070,2000,1850,1800,2000,2080,2050
"..1239",2126.66666666667,1982.5,2125,2380,2070,2120,2050,1800,2100,2380,2050
"..1240",2126.66666666667,1982.5,2125,2380,2070,2120,2050,1800,2100,2380,2050
"..1241",2126.66666666667,1982.5,2125,2380,2070,2120,2050,1800,2100,2380,2050
"..1242",1943.33333333333,1882.5,2132.5,1880,1995,1995,2050,1800,2380,2530,2050
"..1243",1943.33333333333,1882.5,2022.5,1880,1995,1995,2050,1800,1980,2080,2050
"..1244",1943.33333333333,2165,2177.5,1880,2177.5,1995,2050,1800,1980,2080,2050
"..1245",1943.33333333333,2165,2177.5,1880,2177.5,1995,2050,1800,1980,2080,2050
"..1246",1943.33333333333,2165,2177.5,1880,2177.5,1995,2050,1800,1980,2080,2050
"..1247",2041.66666666667,1907.5,2177.5,2180,2070,2070,2050,1800,1980,1880,2050
"..1248",2041.66666666667,1907.5,2060.5,2180,2070,2070,2050,1800,1980,1880,2050
"..1249",1991.66666666667,1982.5,2102.5,2180,2020,2045,2050,1800,2100,1880,2050
"..1250",2020,1982.5,2102.5,2180,2020,2037.5,2050,1800,1980,1880,2050
"..1251",2020,1982.5,2077.5,2180,2020,2037.5,2050,1800,1980,1880,2050
"..1252",1975,1840,2010,2280,1952.5,1902.5,1980,1800,1980,2380,1850
"..1253",1953.33333333333,1807.5,1977.5,2280,1920,1870,1850,1800,1980,2380,1850
"..1254",1913.33333333333,1795,1977.5,2050,1920,1870,1850,1800,1980,2380,1850
"..1255",1913.33333333333,1795,1977.5,2050,1920,1870,1850,1800,1880,2380,1850
"..1256",1835,1795,1977.5,2050,1770,1870,1850,1800,1880,2380,1850
"..1257",1666.66666666667,1802.5,1842.5,1580,1635,1685,1680,1800,1880,1680,1480
"..1258",1616.66666666667,1760,1842.5,1580,1635,1660,1580,1680,1600,1580,1480
"..1259",1616.66666666667,1860,1792.5,1580,1635,1660,1580,1680,1600,2380,1480
"..1260",1616.66666666667,1860,1742.5,1580,1635,1660,1580,1800,1480,2380,1480
"..1261",1616.66666666667,1760,1742.5,1580,1635,1660,1580,1800,1480,2380,1480
"..1262",1890,1810,1860,2050,1785,1870,1880,1800,1480,1880,1650
"..1263",1776.66666666667,1772.5,1822.5,1850,1752.5,1832.5,1880,1800,1480,1570,1650
"..1264",1776.66666666667,1910,1860,2050,1820,1832.5,1880,1800,1980,1880,1780
"..1265",1776.66666666667,1747.5,1807.5,2050,1782.5,1832.5,1730,1800,1980,1880,2180
"..1266",1776.66666666667,1747.5,1807.5,2050,1782.5,1832.5,1730,1800,1980,1770,1750
"..1267",1865,1772.5,1802.5,2150,1782.5,1832.5,1730,1800,1980,1770,1750
"..1268",1865,1735,1802.5,2050,1782.5,1832.5,1730,1800,1980,1770,1750
"..1269",1710,1753.33333333333,1860,1865,1760,1866.66666666667,1730,1730,1770,1770,1625
"..1270",1600,1553.33333333333,1840,1735,1760,1800,1730,1730,1670,1770,1625
"..1271",1600,1603.33333333333,1840,1735,1760,1800,1480,1650,1670,1770,1625
"..1272",1578.57142857143,1803.33333333333,1753.33333333333,1735,1710,1800,1580,1650,1620,1640,1625
"..1273",1604.28571428571,1803.33333333333,1803.33333333333,1735,1760,1800,1580,1650,1590,1640,1625
"..1274",1625.71428571429,1770,1803.33333333333,1735,1760,1800,1580,1650,1590,1640,1625
"..1275",1530,1686.66666666667,1596.66666666667,1745,1553.33333333333,1710,1480,1650,1640,1900,1440
"..1276",1515.71428571429,1686.66666666667,1580,1695,1553.33333333333,1710,1480,1665,1640,1380,1440
"..1277",1515.71428571429,1720,1580,1695,1553.33333333333,1710,1480,1665,1640,1380,1440
"..1278",1515.71428571429,1686.66666666667,1580,1695,1553.33333333333,1710,1480,1665,1685,1380,1440
"..1279",1515.71428571429,1686.66666666667,1580,1695,1553.33333333333,1710,1480,1665,1685,1380,1440
"..1280",1522.85714285714,1506.66666666667,1786.66666666667,1460,1770,1553.33333333333,1730,1665,1685,2040,1625
"..1281",1522.85714285714,1570,1786.66666666667,1460,1770,1676.66666666667,1730,1665,1685,2040,1625
"..1282",1537.14285714286,1636.66666666667,1786.66666666667,1460,1770,1676.66666666667,1730,1665,1685,2040,1625
"..1283",1537.14285714286,1636.66666666667,1786.66666666667,1460,1770,1676.66666666667,1730,1665,1685,2040,1625
"..1284",1551.42857142857,1636.66666666667,1786.66666666667,1460,1770,1676.66666666667,1730,1665,1685,2040,1625
"..1285",1608.57142857143,1770,1786.66666666667,1660,1793.33333333333,1816.66666666667,1730,1665,1685,2040,1625
"..1286",1608.57142857143,1736.66666666667,1786.66666666667,1660,1793.33333333333,1750,1730,1665,1685,2040,1625
"..1287",1611.42857142857,1570,1786.66666666667,1660,1760,1750,1730,1665,1685,2040,1625
"..1288",1611.42857142857,1770,1786.66666666667,1660,1760,1750,1730,1665,1685,2040,1625
"..1289",1540,1770,1786.66666666667,1420,1760,1393.33333333333,1730,1665,1685,2040,1340
"..1290",1394.28571428571,1553.33333333333,1546.66666666667,1420,1520,1393.33333333333,1580,1665,1535,1180,1340
"..1291",1394.28571428571,1820,1646.66666666667,1375,1620,1393.33333333333,1880,1665,1485,1180,1340
"..1292",1394.28571428571,1820,1646.66666666667,1375,1620,1393.33333333333,1880,1665,1485,1180,1340
"..1293",1394.28571428571,1820,1646.66666666667,1375,1620,1393.33333333333,1880,1680,1485,1180,1340
"..1294",1587.14285714286,1686.66666666667,1846.66666666667,1615,1810,1743.33333333333,1880,1650,1440,2070,1625
"..1295",1587.14285714286,1686.66666666667,1846.66666666667,1615,1776.66666666667,1743.33333333333,1880,1650,1440,2070,1625
"..1296",1630,1770,1786.66666666667,1615,1726.66666666667,1676.66666666667,1750,1650,1740,2070,1625
"..1297",1630,1770,1786.66666666667,1615,1726.66666666667,1676.66666666667,1750,1650,1740,2070,1625
"..1298",1630,1770,1786.66666666667,1615,1726.66666666667,1676.66666666667,1750,1650,1690,2070,1625
"..1299",1485.71428571429,1383.33333333333,1600,1465,1540,1643.33333333333,1170,1650,1690,2070,1625
"..1300",1485.71428571429,1383.33333333333,1600,1465,1540,1643.33333333333,1170,1650,1650,2070,1625
"..1301",1587.14285714286,1703.33333333333,1786.66666666667,1465,1776.66666666667,1643.33333333333,1730,1650,1650,1880,1625
"..1302",1565.71428571429,1753.33333333333,1786.66666666667,1465,1776.66666666667,1643.33333333333,1730,1650,1650,1880,1625
"..1303",1637.14285714286,1820,1786.66666666667,1465,1776.66666666667,1643.33333333333,1730,1650,1650,1880,1625
"..1304",1701.42857142857,1820,1836.66666666667,1615,1776.66666666667,1743.33333333333,1880,1650,1650,2250,1625
"..1305",1611.42857142857,1553.33333333333,1836.66666666667,1615,1776.66666666667,1743.33333333333,1880,1650,1650,2250,1625
"..1306",1592.85714285714,1776.66666666667,1793.33333333333,1615,1776.66666666667,1743.33333333333,1750,1650,1650,2250,1625
"..1307",1664.28571428571,1710,1793.33333333333,1615,1733.33333333333,1743.33333333333,1750,1650,1670,2250,1625
"..1308",1607.14285714286,1710,1793.33333333333,1615,1733.33333333333,1743.33333333333,1750,1650,1670,2250,1625
"..1309",1568.57142857143,1486.66666666667,1703.33333333333,1615,1643.33333333333,1743.33333333333,1480,1650,1470,1650,1625
"..1310",1568.57142857143,1486.66666666667,1703.33333333333,1615,1643.33333333333,1743.33333333333,1480,1650,1470,1650,1625
"..1311",1582.85714285714,1486.66666666667,1703.33333333333,1615,1643.33333333333,1743.33333333333,1480,1650,1470,1650,1625
"..1312",1568.57142857143,1486.66666666667,1703.33333333333,1615,1643.33333333333,1743.33333333333,1480,1650,1470,1650,1625
"..1313",1625.71428571429,1486.66666666667,1703.33333333333,1575,1643.33333333333,1753.33333333333,1480,1650,1470,1650,1625
"..1314",1447.14285714286,1486.66666666667,1463.33333333333,1285,1420,1326.66666666667,1480,1650,1470,1280,1290
"..1315",1447.14285714286,1486.66666666667,1463.33333333333,1285,1420,1326.66666666667,1480,1650,1470,1280,1290
"..1316",1390,1486.66666666667,1463.33333333333,1285,1420,1326.66666666667,1480,1650,1470,1280,1290
"..1317",1390,1486.66666666667,1463.33333333333,1285,1420,1326.66666666667,1480,1650,1470,1280,1290
"..1318",1528.57142857143,1486.66666666667,1686.66666666667,1425,1643.33333333333,1750,1480,1650,1470,1880,1625
"..1319",1528.57142857143,1486.66666666667,1686.66666666667,1585,1643.33333333333,1750,1480,1650,1470,1780,1625
"..1320",1554.28571428571,1653.33333333333,1686.66666666667,1585,1643.33333333333,1750,1480,1650,1670,1780,1625
"..1321",1554.28571428571,1653.33333333333,1686.66666666667,1475,1643.33333333333,1750,1480,1650,1670,1780,1625
"..1322",1611.42857142857,1653.33333333333,1686.66666666667,1475,1643.33333333333,1626.66666666667,1480,1650,1635,1780,1625
"..1323",1654.28571428571,1743.33333333333,1776.66666666667,1510,1733.33333333333,1700,1750,1650,1635,1780,1625
"..1324",1650,1743.33333333333,1776.66666666667,1510,1733.33333333333,1700,1750,1650,1635,1780,1625
"..1325",1592.85714285714,1543.33333333333,1776.66666666667,1510,1733.33333333333,1700,1750,1650,1635,1680,1625
"..1326",1592.85714285714,1543.33333333333,1776.66666666667,1510,1733.33333333333,1700,1750,1650,1635,1680,1625
"..1327",1625.71428571429,1820,1853.33333333333,1510,1810,1700,1750,1650,1635,1680,1625
"..1328",1587.14285714286,1720,1853.33333333333,1425,1776.66666666667,1643.33333333333,1980,1650,1450,1750,1625
"..1329",1587.14285714286,1720,1853.33333333333,1425,1776.66666666667,1643.33333333333,1980,1650,1450,1450,1625
"..1330",1554.28571428571,1743.33333333333,1776.66666666667,1425,1776.66666666667,1643.33333333333,1750,1650,1450,1680,1625
"..1331",1525.71428571429,1610,1776.66666666667,1525,1700,1733.33333333333,1750,1650,1445,1680,1625
"..1332",1564.28571428571,1610,1753.33333333333,1560,1700,1733.33333333333,1750,1650,1445,1680,1625
"..1333",1564.28571428571,1610,1753.33333333333,1560,1700,1733.33333333333,1750,1650,1445,1680,1625
"..1334",1564.28571428571,1610,1776.66666666667,1560,1700,1733.33333333333,1750,1650,1445,1680,1625
"..1335",1564.28571428571,1610,1776.66666666667,1560,1700,1733.33333333333,1750,1650,1765,1680,1625
"..1336",1650,1610,1776.66666666667,1575,1700,1733.33333333333,1750,1650,1715,1680,1625
"..1337",1548.57142857143,1486.66666666667,1596.66666666667,1575,1520,1643.33333333333,1480,1650,1515,1480,1490
"..1338",1548.57142857143,1486.66666666667,1596.66666666667,1575,1486.66666666667,1653.33333333333,1480,1650,1515,1480,1490
"..1339",1605.71428571429,1486.66666666667,1596.66666666667,1575,1486.66666666667,1653.33333333333,1480,1650,1715,1480,1490
"..1340",1562.85714285714,1486.66666666667,1596.66666666667,1575,1486.66666666667,1653.33333333333,1480,1650,1730,1480,1475
"..1341",1562.85714285714,1486.66666666667,1596.66666666667,1575,1486.66666666667,1653.33333333333,1480,1650,1730,1480,1490
"..1342",1630,1576.66666666667,1786.66666666667,1425,1666.66666666667,1553.33333333333,1750,1650,1730,2250,1625
"..1343",1601.42857142857,1576.66666666667,1786.66666666667,1425,1666.66666666667,1553.33333333333,1750,1650,1730,2250,1625
"..1344",1597.14285714286,1576.66666666667,1786.66666666667,1425,1666.66666666667,1643.33333333333,1750,1650,1780,2250,1625
"..1345",1678.57142857143,1576.66666666667,1786.66666666667,1425,1666.66666666667,1643.33333333333,1750,1650,1780,2250,1625
"..1346",1650,1576.66666666667,1786.66666666667,1495,1666.66666666667,1643.33333333333,1750,1650,1895,2250,1625
"..1347",1731.42857142857,1676.66666666667,1810,1980,1700,1716.66666666667,1750,1650,1960,2250,1675
"..1348",1731.42857142857,1676.66666666667,1810,1980,1700,1783.33333333333,1750,1650,1960,2250,1675
"..1349",1821.42857142857,1886.66666666667,1810,1980,1766.66666666667,1983.33333333333,1750,1795,2060,2250,1675
"..1350",1850,1886.66666666667,1810,1980,1800,1833.33333333333,1750,1825,2015,2250,1840
"..1351",1882.85714285714,1843.33333333333,1916.66666666667,1980,1866.66666666667,1866.66666666667,1980,1825,2015,2390,1890
"..1352",1860,1843.33333333333,1916.66666666667,1980,1833.33333333333,1866.66666666667,1850,1705,1915,2250,1840
"..1353",1921.42857142857,1843.33333333333,1916.66666666667,2080,1943.33333333333,1866.66666666667,1850,1705,1915,2250,1895
"..1354",1874.28571428571,1843.33333333333,1916.66666666667,1980,1833.33333333333,1833.33333333333,1850,1725,2070,2250,1895
"..1355",1817.14285714286,1843.33333333333,1883.33333333333,1980,1833.33333333333,1833.33333333333,1850,1725,1970,2250,1925
"..1356",1817.14285714286,1843.33333333333,1883.33333333333,1980,1833.33333333333,1833.33333333333,1850,1725,2005,2250,1925
"..1357",1874.28571428571,1976.66666666667,1883.33333333333,1980,1833.33333333333,1833.33333333333,1850,1725,2005,2250,1925
"..1358",1874.28571428571,1910,1883.33333333333,1980,1833.33333333333,1833.33333333333,1850,1725,2005,2250,1925
"..1359",1874.28571428571,1910,1883.33333333333,1980,1833.33333333333,1833.33333333333,1850,1725,2005,2250,1925
"..1360",1825.71428571429,1820,1826.66666666667,1895,1683.33333333333,1776.66666666667,1580,1725,2005,2390,1925
"..1361",1825.71428571429,1753.33333333333,1826.66666666667,1895,1683.33333333333,1810,1580,1725,1990,2180,1925
"..1362",1850,1753.33333333333,1793.33333333333,1980,1716.66666666667,1866.66666666667,1580,1725,1990,2180,1975
"..1363",1850,1753.33333333333,1793.33333333333,1980,1716.66666666667,1866.66666666667,1580,1695,1990,2180,1975
"..1364",1850,1753.33333333333,1793.33333333333,1980,1716.66666666667,1866.66666666667,1580,1695,1920,2180,1975
"..1365",1950,1753.33333333333,1793.33333333333,1980,1716.66666666667,1866.66666666667,1580,1695,1920,2180,1975
"..1366",1950,1753.33333333333,1793.33333333333,1980,1716.66666666667,1866.66666666667,1580,1695,1920,2180,1975
"..1367",1978.57142857143,1753.33333333333,1826.66666666667,1980,1716.66666666667,1866.66666666667,2880,1695,1920,2180,1975
"..1368",1942.85714285714,2086.66666666667,2160,1955,1716.66666666667,1866.66666666667,2580,1695,1920,2390,1975
"..1369",1910,1876.66666666667,1950,1955,1716.66666666667,1866.66666666667,2580,1695,1920,2390,1975
"..1370",1885.71428571429,1876.66666666667,1950,1870,1716.66666666667,1810,2580,1695,1920,2390,1975
"..1371",1885.71428571429,1876.66666666667,1950,1870,1716.66666666667,1810,1950,1695,1920,2390,1975
"..1372",1868.57142857143,1876.66666666667,1893.33333333333,1870,1716.66666666667,1810,1950,1695,1920,2350,1975
"..1373",1868.57142857143,1876.66666666667,1893.33333333333,1870,1716.66666666667,1810,1950,1695,1920,2350,1975
"..1374",1868.57142857143,1876.66666666667,1893.33333333333,1810,1716.66666666667,1810,1950,1695,1920,2350,1975
"..1375",1892.85714285714,1743.33333333333,1893.33333333333,1945,1716.66666666667,1900,1950,1695,1870,2350,1975
"..1376",1892.85714285714,1743.33333333333,1893.33333333333,1945,1716.66666666667,1900,1950,1695,1870,2350,1975
"..1377",1835.71428571429,1743.33333333333,1950,1945,1716.66666666667,1900,1950,1795,1855,2350,1975
"..1378",1917.14285714286,1876.66666666667,1950,1945,1716.66666666667,1900,1950,1795,1855,2350,1975
"..1379",1804.28571428571,1876.66666666667,1950,1750,1716.66666666667,1770,1950,1795,1855,2350,1975
"..1380",1804.28571428571,1876.66666666667,1950,1750,1716.66666666667,1770,1950,1795,1855,2350,1975
"..1381",1804.28571428571,1876.66666666667,1950,1750,1900,1770,1950,1795,1855,2350,1975
"..1382",1860,1876.66666666667,1950,1945,2143.33333333333,1770,1950,1795,2255,2350,1975
"..1383",1860,1876.66666666667,1950,1945,1910,1900,1950,1795,1865,2350,1975
"..1384",1860,1876.66666666667,1950,1945,1900,1900,1950,1795,1850,2350,1975
"..1385",1860,1776.66666666667,1950,1945,1900,1900,1950,1655,1850,2350,1975
"..1386",1860,1776.66666666667,1950,1945,1900,1900,1950,1655,1885,2350,1975
"..1387",1842.85714285714,1776.66666666667,1950,1945,1900,1900,1950,1655,1885,2350,1975
"..1388",1832.85714285714,1776.66666666667,1950,1945,1900,1900,1950,1655,1865,2350,1975
"..1389",1832.85714285714,1876.66666666667,1950,1945,1900,1900,1950,1655,1865,2350,1975
"..1390",1741.42857142857,1776.66666666667,1793.33333333333,1860,1743.33333333333,1686.66666666667,1950,1655,1865,2350,1740
"..1391",1741.42857142857,1810,1793.33333333333,1860,1743.33333333333,1686.66666666667,1950,1655,1865,2350,1740
"..1392",1741.42857142857,1810,1793.33333333333,1830,1900,1686.66666666667,1950,1655,1865,2350,1975
"..1393",1741.42857142857,1810,1793.33333333333,1830,1743.33333333333,1686.66666666667,1950,1655,1865,2350,1740
"..1394",1702.85714285714,1810,1793.33333333333,1830,1743.33333333333,1686.66666666667,1950,1745,1865,2350,1740
"..1395",1641.42857142857,1853.33333333333,1760,1680,1743.33333333333,1710,1480,1745,1920,2350,1925
"..1396",1641.42857142857,1853.33333333333,1760,1680,1743.33333333333,1710,1480,1745,1920,2350,1925
"..1397",1611.42857142857,1720,1726.66666666667,1680,1743.33333333333,1710,1480,1745,1920,2350,1925
"..1398",1640,1720,1760,1680,1743.33333333333,1710,1480,1745,1920,2390,1925
"..1399",1625.71428571429,1720,1760,1625,1743.33333333333,1710,1480,1810,1920,2390,1925
"..1400",1678.57142857143,1520,1760,1810,1743.33333333333,1833.33333333333,1480,1745,1920,2390,1925
"..1401",1678.57142857143,1520,1760,1810,1743.33333333333,1833.33333333333,1480,1730,1870,2390,1925
"..1402",1684.28571428571,1520,1760,1625,1710,1833.33333333333,1480,1730,1870,2390,1925
"..1403",1684.28571428571,1520,1760,1810,1710,1833.33333333333,1480,1730,1920,2390,1925
"..1404",1660,1720,1760,1725,1710,1776.66666666667,1480,1680,1920,2390,1925
"..1405",1660,1720,1760,1725,1710,1776.66666666667,1480,1695,1920,2390,1925
"..1406",1702.85714285714,1720,1760,1725,1710,1776.66666666667,1480,1695,1920,2390,1925
"..1407",1711.42857142857,1653.33333333333,1760,1725,1710,1776.66666666667,1480,1695,1970,2390,1925
"..1408",1682.85714285714,1653.33333333333,1760,1725,1710,1776.66666666667,1480,1695,1970,2390,1925
"..1409",1734.28571428571,1653.33333333333,1760,1865,1710,1833.33333333333,1480,1695,1970,2390,1925
"..1410",1734.28571428571,1653.33333333333,1760,1865,1710,1833.33333333333,1480,1695,1970,2390,1925
"..1411",1702.85714285714,1653.33333333333,1670,1865,1710,1916.66666666667,1480,1695,1970,2390,1975
"..1412",1702.85714285714,1653.33333333333,1670,1865,1710,1793.33333333333,1480,1695,1970,2390,1975
"..1413",1681.42857142857,1653.33333333333,1670,1865,1620,1743.33333333333,1480,1695,1970,2390,1790
"..1414",1748.57142857143,1743.33333333333,1826.66666666667,1865,1875,1760,1950,1745,1970,2390,1790
"..1415",1748.57142857143,1743.33333333333,1826.66666666667,1865,1776.66666666667,1760,1950,1745,1970,2390,1790
"..1416",1748.57142857143,1743.33333333333,1826.66666666667,1865,1776.66666666667,1760,1950,1745,1970,2390,1790
"..1417",1748.57142857143,1743.33333333333,1826.66666666667,1865,1776.66666666667,1760,1950,1745,1970,2390,1735
"..1418",1807.14285714286,1743.33333333333,1826.66666666667,1865,1776.66666666667,1760,1950,1745,1970,2390,1920
"..1419",1788.57142857143,1710,1893.33333333333,1705,1833.33333333333,1776.66666666667,1950,1745,1870,2390,1820
"..1420",1778.57142857143,1710,1893.33333333333,1705,1833.33333333333,1776.66666666667,1950,1745,1870,2180,1820
"..1421",1778.57142857143,1710,1893.33333333333,1705,1833.33333333333,1710,1950,1745,1970,2180,1820
"..1422",1778.57142857143,1710,1893.33333333333,1705,1833.33333333333,1710,1950,1745,1895,2180,1820
"..1423",1770,1710,1893.33333333333,1705,1833.33333333333,1710,1950,1715,1895,2180,1820
"..1424",1758.57142857143,1726.66666666667,1810,1805,1750,1733.33333333333,1850,1715,1895,2180,1820
"..1425",1758.57142857143,1626.66666666667,1810,1805,1750,1733.33333333333,1700,1665,1895,2180,1820
"..1426",1744.28571428571,1626.66666666667,1810,1805,1750,1733.33333333333,1700,1665,1845,2180,1820
"..1427",1744.28571428571,1726.66666666667,1810,1805,1750,1733.33333333333,1700,1665,1845,2180,1820
"..1428",1744.28571428571,1726.66666666667,1810,1805,1750,1733.33333333333,1700,1665,1845,2180,1820
"..1429",1631.42857142857,1886.66666666667,1703.33333333333,1650,1653.33333333333,1653.33333333333,1680,1665,1845,1480,1685
"..1430",1617.14285714286,1820,1770,1650,1720,1653.33333333333,1880,1595,1780,1480,1685
"..1431",1558.57142857143,1786.66666666667,1703.33333333333,1650,1653.33333333333,1686.66666666667,1680,1595,1780,1480,1685
"..1432",1558.57142857143,1786.66666666667,1703.33333333333,1650,1653.33333333333,1686.66666666667,1680,1595,1780,1480,1685
"..1433",1558.57142857143,1686.66666666667,1703.33333333333,1650,1653.33333333333,1686.66666666667,1680,1595,1765,1480,1685
"..1434",1550,1686.66666666667,1790,1500,1720,1576.66666666667,1680,1595,1765,2110,1795
"..1435",1550,1686.66666666667,1790,1585,1720,1600,1680,1595,1765,2110,1795
"..1436",1521.42857142857,1620,1660,1585,1610,1650,1480,1915,1930,1780,1720
"..1437",1564.28571428571,1486.66666666667,1660,1560,1610,1676.66666666667,1480,1915,1780,2110,1720
"..1438",1564.28571428571,1486.66666666667,1660,1560,1610,1676.66666666667,1480,1915,1780,1780,1720
"..1439",1507.14285714286,1486.66666666667,1660,1560,1576.66666666667,1676.66666666667,1480,1915,1780,2040,1720
"..1440",1488.57142857143,1486.66666666667,1660,1560,1576.66666666667,1676.66666666667,1480,1845,1745,2040,1635
"..1441",1484.28571428571,1486.66666666667,1660,1560,1576.66666666667,1676.66666666667,1480,1845,1745,2040,1635
"..1442",1460,1353.33333333333,1716.66666666667,1610,1543.33333333333,1610,1480,1845,1595,2040,1635
"..1443",1474.28571428571,1353.33333333333,1716.66666666667,1610,1543.33333333333,1610,1480,1845,1595,2040,1635
"..1444",1431.42857142857,1520,1716.66666666667,1610,1543.33333333333,1610,1480,1845,1645,2040,1635
"..1445",1445.71428571429,1520,1716.66666666667,1580,1543.33333333333,1610,1480,1845,1645,2040,1580
"..1446",1445.71428571429,1453.33333333333,1716.66666666667,1580,1543.33333333333,1640,1480,1845,1645,2040,1580
"..1447",1402.85714285714,1353.33333333333,1603.33333333333,1525,1520,1675,1380,1845,1645,2040,1580
"..1448",1402.85714285714,1353.33333333333,1603.33333333333,1525,1520,1640,1380,1390,1645,2040,1580
"..1449",1394.28571428571,1453.33333333333,1443.33333333333,1575,1453.33333333333,1640,1380,1390,1645,2040,1580
"..1450",1394.28571428571,1453.33333333333,1443.33333333333,1575,1453.33333333333,1640,1380,1390,1580,2040,1580
"..1451",1387.14285714286,1420,1443.33333333333,1575,1453.33333333333,1640,1380,1390,1580,2040,1530
"..1452",1061.42857142857,1243.33333333333,1050,1170,1060,1156.66666666667,850,1240,1580,1080,1220
"..1453",1060,1243.33333333333,1050,1165,1060,1156.66666666667,850,1240,1580,1080,1220
"..1454",1060,1243.33333333333,1050,1165,1060,1156.66666666667,850,1165,1580,1080,1220
"..1455",1057.14285714286,1236.66666666667,1050,1165,1060,1156.66666666667,830,1165,1580,1080,1220
"..1456",1057.14285714286,1236.66666666667,1050,1165,1020,1156.66666666667,830,1165,1580,1080,1220
"..1457",1327.14285714286,1323.33333333333,1466.66666666667,1575,1425,1373.33333333333,1450,1165,1205,2040,1545
"..1458",1331.42857142857,1333.33333333333,1466.66666666667,1575,1453.33333333333,1576.66666666667,1450,1165,1205,2040,1545
"..1459",1352.85714285714,1420,1466.66666666667,1575,1453.33333333333,1576.66666666667,1480,1490,1545,1970,1545
"..1460",1338.57142857143,1420,1476.66666666667,1575,1453.33333333333,1576.66666666667,1480,1490,1495,1970,1545
"..1461",1338.57142857143,1420,1476.66666666667,1575,1453.33333333333,1576.66666666667,1480,1490,1495,1970,1545
"..1462",1321.42857142857,1543.33333333333,1476.66666666667,1475,1453.33333333333,1520,1480,1325,1495,1970,1545
"..1463",1321.42857142857,1543.33333333333,1476.66666666667,1475,1453.33333333333,1520,1480,1325,1495,1970,1545
"..1464",1321.42857142857,1543.33333333333,1476.66666666667,1500,1453.33333333333,1520,1480,1325,1495,1970,1545
"..1465",1321.42857142857,1543.33333333333,1476.66666666667,1500,1453.33333333333,1520,1480,1325,1495,1970,1545
"..1466",1278.57142857143,1543.33333333333,1476.66666666667,1500,1453.33333333333,1520,1480,1325,1595,1970,1480
"..1467",1317.14285714286,1543.33333333333,1443.33333333333,1400,1420,1476.66666666667,1480,1325,1595,1970,1430
"..1468",1302.85714285714,1520,1443.33333333333,1400,1420,1476.66666666667,1480,1325,1595,1970,1430
"..1469",1345.71428571429,1563.33333333333,1443.33333333333,1400,1420,1476.66666666667,1480,1710,1595,1970,1430
"..1470",1345.71428571429,1563.33333333333,1443.33333333333,1400,1420,1476.66666666667,1480,1710,1615,1970,1430
"..1471",1345.71428571429,1563.33333333333,1443.33333333333,1400,1420,1476.66666666667,1480,1710,1615,1970,1430
"..1472",1421.42857142857,1563.33333333333,1476.66666666667,1565,1453.33333333333,1543.33333333333,1380,1725,1515,1970,1480
"..1473",1421.42857142857,1520,1476.66666666667,1640,1453.33333333333,1543.33333333333,1380,1725,1515,1570,1480
"..1474",1450,1563.33333333333,1476.66666666667,1590,1453.33333333333,1543.33333333333,1380,1510,1515,1970,1480
"..1475",1435.71428571429,1563.33333333333,1476.66666666667,1590,1486.66666666667,1543.33333333333,1380,1490,1540,1570,1480
"..1476",1464.28571428571,1520,1476.66666666667,1590,1486.66666666667,1543.33333333333,1380,1490,1540,1570,1480
"..1477",1407.14285714286,1520,1476.66666666667,1440,1486.66666666667,1520,1380,1490,1540,1970,1480
"..1478",1407.14285714286,1520,1476.66666666667,1440,1486.66666666667,1520,1380,1490,1540,1970,1480
"..1479",1378.57142857143,1520,1476.66666666667,1440,1486.66666666667,1520,1380,1490,1690,1970,1480
"..1480",1378.57142857143,1520,1476.66666666667,1440,1486.66666666667,1520,1380,1490,1690,1970,1480
"..1481",1378.57142857143,1520,1476.66666666667,1440,1486.66666666667,1520,1380,1490,1690,1970,1480
"..1482",1411.42857142857,1460,1473.33333333333,1475,1483.33333333333,1543.33333333333,1470,1725,1690,1970,1480
"..1483",1425.71428571429,1460,1473.33333333333,1475,1483.33333333333,1743.33333333333,1470,1725,1690,1970,1480
"..1484",1468.57142857143,1460,1473.33333333333,1475,1483.33333333333,1743.33333333333,1470,1725,1690,1970,1480
"..1485",1468.57142857143,1460,1473.33333333333,1475,1483.33333333333,1543.33333333333,1470,1725,1690,1970,1515
"..1486",1511.42857142857,1460,1473.33333333333,1475,1483.33333333333,1543.33333333333,1470,1725,1690,1970,1515
"..1487",1452.85714285714,1436.66666666667,1350,1590,1360,1620,1400,1725,1590,1970,1365
"..1488",1452.85714285714,1436.66666666667,1350,1590,1360,1520,1400,1725,1590,1970,1365
"..1489",1421.42857142857,1430,1276.66666666667,1590,1286.66666666667,1520,1180,1725,1440,2320,1365
"..1490",1421.42857142857,1420,1276.66666666667,1590,1286.66666666667,1520,1180,1725,1440,2320,1365
"..1491",1378.57142857143,1430,1376.66666666667,1390,1386.66666666667,1386.66666666667,1480,1725,1595,2320,1365
"..1492",1421.42857142857,1430,1376.66666666667,1390,1386.66666666667,1386.66666666667,1480,1725,1595,1550,1450
"..1493",1335.71428571429,1430,1393.33333333333,1390,1403.33333333333,1503.33333333333,1480,1725,1595,1550,1540
"..1494",1335.71428571429,1430,1493.33333333333,1390,1503.33333333333,1503.33333333333,1480,1725,1595,2320,1540
"..1495",1524.28571428571,1463.33333333333,1493.33333333333,1625,1503.33333333333,1660,1480,1725,1595,2320,1540
"..1496",1502.85714285714,1463.33333333333,1493.33333333333,1625,1503.33333333333,1660,1480,1725,1595,1750,1540
"..1497",1524.28571428571,1430,1493.33333333333,1440,1503.33333333333,1660,1480,1680,1595,1680,1540
"..1498",1490,1430,1493.33333333333,1640,1503.33333333333,1660,1480,1680,1690,1680,1540
"..1499",1511.42857142857,1353.33333333333,1493.33333333333,1625,1503.33333333333,1670,1480,1680,1690,1680,1540
"..1500",1440,1353.33333333333,1326.66666666667,1625,1336.66666666667,1503.33333333333,1480,1680,1690,1480,1290
"..1501",1440,1530,1326.66666666667,1625,1336.66666666667,1503.33333333333,1480,1680,1690,1480,1290
"..1502",1440,1530,1326.66666666667,1625,1336.66666666667,1503.33333333333,1480,1680,1690,1480,1290
"..1503",1440,1530,1326.66666666667,1625,1336.66666666667,1503.33333333333,1480,1680,1690,1480,1290
"..1504",1345.71428571429,1520,1326.66666666667,1295,1336.66666666667,1273.33333333333,1480,1360,1690,1480,1290
"..1505",1317.14285714286,1520,1493.33333333333,1295,1336.66666666667,1456.66666666667,1480,1360,1690,1480,1540
"..1506",1374.28571428571,1520,1493.33333333333,1295,1503.33333333333,1456.66666666667,1480,1360,1590,1280,1540
"..1507",1374.28571428571,1536.66666666667,1493.33333333333,1295,1520,1456.66666666667,1530,1360,1590,1280,1540
"..1508",1365.71428571429,1546.66666666667,1493.33333333333,1295,1520,1456.66666666667,1530,1360,1590,1280,1540
"..1509",1445.71428571429,1380,1510,1550,1520,1660,1530,1360,1590,1280,1540
"..1510",1445.71428571429,1380,1510,1550,1520,1643.33333333333,1530,1360,1590,1680,1540
"..1511",1458.57142857143,1380,1510,1550,1520,1543.33333333333,1530,1690,1565,1680,1540
"..1512",1458.57142857143,1536.66666666667,1510,1550,1520,1593.33333333333,1530,1690,1565,1680,1540
"..1513",1458.57142857143,1546.66666666667,1510,1550,1520,1593.33333333333,1530,1690,1565,1680,1540
"..1514",1362.85714285714,1353.33333333333,1326.66666666667,1550,1336.66666666667,1593.33333333333,980,1690,1525,1650,1540
"..1515",1337.14285714286,1353.33333333333,1266.66666666667,1575,1336.66666666667,1566.66666666667,980,1690,1505,1980,1450
"..1516",1294.28571428571,1363.33333333333,1140,1550,1150,1440,980,1690,1505,1980,1260
"..1517",1294.28571428571,1363.33333333333,1140,1550,1150,1440,980,1690,1505,1980,1260
"..1518",1234.28571428571,1353.33333333333,1140,1365,1150,1316.66666666667,980,1560,1505,1980,1260
"..1519",1312.85714285714,1536.66666666667,1323.33333333333,1365,1333.33333333333,1316.66666666667,1530,1560,1505,1980,1260
"..1520",1312.85714285714,1536.66666666667,1323.33333333333,1365,1520,1316.66666666667,1530,1560,1505,1180,1200
"..1521",1381.42857142857,1536.66666666667,1460,1550,1470,1440,1530,1560,1445,1950,1305
"..1522",1367.14285714286,1536.66666666667,1460,1550,1470,1440,1530,1560,1445,1950,1405
"..1523",1367.14285714286,1480,1460,1525,1470,1440,1530,1560,1445,1580,1405
"..1524",1328.57142857143,1480,1460,1525,1470,1440,1530,1560,1445,1580,1405
"..1525",1338.57142857143,1480,1460,1525,1470,1373.33333333333,1530,1560,1445,1580,1405
"..1526",1367.14285714286,1546.66666666667,1460,1475,1470,1576.66666666667,1530,1560,1445,1580,1405
"..1527",1318.57142857143,1433.33333333333,1413.33333333333,1425,1423.33333333333,1576.66666666667,1390,1560,1445,1580,1405
"..1528",1318.57142857143,1333.33333333333,1413.33333333333,1425,1423.33333333333,1576.66666666667,1390,1545,1390,1580,1405
"..1529",1317.14285714286,1333.33333333333,1413.33333333333,1425,1423.33333333333,1510,1390,1515,1590,1580,1405
"..1530",1331.42857142857,1500,1413.33333333333,1425,1423.33333333333,1510,1390,1515,1240,1580,1405
"..1531",1317.14285714286,1500,1413.33333333333,1425,1490,1510,1390,1485,1240,1380,1385
"..1532",1261.42857142857,1500,1413.33333333333,1425,1490,1510,1390,1485,1240,1380,1485
"..1533",1317.14285714286,1540,1453.33333333333,1600,1530,1510,1510,1485,1240,1380,1485
"..1534",1345.71428571429,1540,1476.66666666667,1525,1553.33333333333,1510,1580,1485,1240,1380,1385
"..1535",1345.71428571429,1373.33333333333,1476.66666666667,1500,1553.33333333333,1576.66666666667,1580,1485,1220,1380,1385
"..1536",1345.71428571429,1373.33333333333,1476.66666666667,1500,1553.33333333333,1576.66666666667,1580,1485,1420,1380,1385
"..1537",1217.14285714286,1373.33333333333,1476.66666666667,1175,1553.33333333333,1576.66666666667,1580,1485,1220,1380,1385
"..1538",1128.57142857143,1310,1283.33333333333,1155,1260,1143.33333333333,1580,1485,1155,1150,1095
"..1539",1138.57142857143,1440,1283.33333333333,1155,1260,1136.66666666667,1580,1485,1215,1150,1095
"..1540",1138.57142857143,1440,1283.33333333333,1155,1260,1136.66666666667,1580,1470,1215,1150,1095
"..1541",1210,1440,1283.33333333333,1125,1260,1136.66666666667,1580,1470,1215,1150,1095
"..1542",1287.14285714286,1440,1283.33333333333,1440,1260,1360,1580,1470,1215,1480,1095
"..1543",1317.14285714286,1440,1476.66666666667,1495,1453.33333333333,1360,1580,1485,1215,1480,1385
"..1544",1360,1506.66666666667,1426.66666666667,1470,1420,1553.33333333333,1580,1470,1215,1480,1385
"..1545",1360,1506.66666666667,1426.66666666667,1470,1420,1553.33333333333,1580,1470,1215,1780,1385
"..1546",1317.14285714286,1506.66666666667,1426.66666666667,1510,1420,1553.33333333333,1580,1470,1215,1780,1405
"..1547",1317.14285714286,1110,1163.33333333333,1495,1420,1553.33333333333,1580,1470,1215,1780,1405
"..1548",1317.14285714286,1110,1163.33333333333,1495,1420,1553.33333333333,1580,1470,1215,1780,1405
"..1549",1234.28571428571,1110,1163.33333333333,1495,1156.66666666667,1553.33333333333,790,1470,1185,1780,1455
"..1550",1191.42857142857,1110,1163.33333333333,1465,1156.66666666667,1553.33333333333,970,1470,1300,1780,1455
"..1551",1234.28571428571,1110,1163.33333333333,1465,1156.66666666667,1553.33333333333,790,1470,1300,1780,1405
"..1552",1180,1223.33333333333,1036.66666666667,1465,1030,1426.66666666667,790,1330,1300,1350,1215
"..1553",1180,1223.33333333333,1036.66666666667,1465,1030,1426.66666666667,790,1290,1300,1350,1215
"..1554",1165.71428571429,1223.33333333333,1036.66666666667,1465,1030,1426.66666666667,790,1290,1365,1350,1215
"..1555",1165.71428571429,1223.33333333333,1036.66666666667,1465,1030,1426.66666666667,790,1290,1365,1350,1215
"..1556",1122.85714285714,1223.33333333333,1036.66666666667,1415,1030,1426.66666666667,790,1290,1365,1350,1215
"..1557",1290,1320,1326.66666666667,1180,1386.66666666667,1253.33333333333,1480,1290,1365,1080,1405
"..1558",1290,1320,1326.66666666667,1180,1386.66666666667,1220,1480,1290,1365,1080,1405
"..1559",1358.57142857143,1453.33333333333,1393.33333333333,1180,1386.66666666667,1220,1545,1290,1325,1330,1405
"..1560",1307.14285714286,1453.33333333333,1393.33333333333,1180,1386.66666666667,1220,1545,1290,1325,1330,1405
"..1561",1307.14285714286,1453.33333333333,1393.33333333333,1180,1386.66666666667,1220,1545,1290,1325,1330,1405
"..1562",1402.85714285714,1386.66666666667,1393.33333333333,1380,1420,1386.66666666667,1545,1290,1325,1465,1405
"..1563",1410,1386.66666666667,1426.66666666667,1380,1420,1386.66666666667,1545,1380,1325,1465,1405
"..1564",1437.14285714286,1453.33333333333,1426.66666666667,1550,1420,1410,1560,1405,1325,1465,1455
"..1565",1437.14285714286,1453.33333333333,1426.66666666667,1550,1420,1410,1560,1565,1375,1465,1520
"..1566",1445.71428571429,1453.33333333333,1426.66666666667,1450,1420,1410,1560,1565,1375,1465,1445
"..1567",1345.71428571429,1453.33333333333,1293.33333333333,1550,1286.66666666667,1276.66666666667,1560,1565,1375,1440,1320
"..1568",1402.85714285714,1486.66666666667,1293.33333333333,1550,1286.66666666667,1276.66666666667,1560,1565,1405,1505,1320
"..1569",1417.14285714286,1486.66666666667,1293.33333333333,1605,1286.66666666667,1276.66666666667,1560,1670,1470,1505,1320
"..1570",1417.14285714286,1486.66666666667,1293.33333333333,1655,1286.66666666667,1276.66666666667,1560,1670,1475,1505,1320
"..1571",1335.71428571429,1486.66666666667,1293.33333333333,1570,1286.66666666667,1276.66666666667,1560,1670,1575,1505,1320
"..1572",1337.14285714286,1423.33333333333,1263.33333333333,1610,1256.66666666667,1253.33333333333,1465,1670,1600,1745,1370
"..1573",1337.14285714286,1423.33333333333,1263.33333333333,1610,1256.66666666667,1253.33333333333,1465,1670,1600,1830,1370
"..1574",1280,1423.33333333333,1263.33333333333,1610,1256.66666666667,1320,1510,1670,1600,1830,1370
"..1575",1322.85714285714,1423.33333333333,1263.33333333333,1610,1256.66666666667,1320,1510,1675,1600,1870,1340
"..1576",1280,1423.33333333333,1263.33333333333,1610,1256.66666666667,1320,1510,1675,1600,1870,1340
"..1577",1481.42857142857,1453.33333333333,1426.66666666667,1620,1486.66666666667,1453.33333333333,1655,1675,1600,1880,1590
"..1578",1481.42857142857,1453.33333333333,1366.66666666667,1620,1586.66666666667,1453.33333333333,1705,1675,1600,1880,1590
"..1579",1440,1456.66666666667,1463.33333333333,1620,1590,1453.33333333333,1710,1675,1600,2095,1590
"..1580",1468.57142857143,1456.66666666667,1463.33333333333,1620,1590,1453.33333333333,1710,1675,1590,2105,1590
"..1581",1465.71428571429,1456.66666666667,1430,1570,1456.66666666667,1320,1710,1695,1590,1705,1390
"..1582",1465.71428571429,1456.66666666667,1430,1570,1456.66666666667,1320,1710,1695,1590,1705,1390
"..1583",1465.71428571429,1456.66666666667,1430,1570,1456.66666666667,1343.33333333333,1710,1695,1665,1705,1390
"..1584",1465.71428571429,1320,1430,1570,1456.66666666667,1343.33333333333,1710,1695,1605,1705,1390
"..1585",1437.14285714286,1320,1430,1570,1456.66666666667,1343.33333333333,1750,1695,1605,1705,1390
"..1586",1504.28571428571,1453.33333333333,1530,1805,1590,1410,1850,1695,1605,1905,1490
"..1587",1504.28571428571,1453.33333333333,1530,1805,1590,1410,1850,1695,1605,1905,1490
"..1588",1504.28571428571,1590,1496.66666666667,1805,1590,1410,1850,1515,1605,1905,1490
"..1589",1561.42857142857,1590,1550,1805,1690,1476.66666666667,1850,1515,1605,1905,1490
"..1590",1425.71428571429,1590,1450,1380,1690,1293.33333333333,1850,1515,1605,1905,1425
"..1591",1410,1320,1246.66666666667,1380,1453.33333333333,1293.33333333333,1545,1515,1565,1905,1490
"..1592",1480,1483.33333333333,1376.66666666667,1380,1583.33333333333,1293.33333333333,1740,1515,1565,1905,1490
"..1593",1494.28571428571,1586.66666666667,1376.66666666667,1380,1583.33333333333,1293.33333333333,1740,1515,1590,1905,1490
"..1594",1395.71428571429,1553.33333333333,1446.66666666667,1380,1653.33333333333,1293.33333333333,1740,1515,1590,1905,1490
"..1595",1574.28571428571,1553.33333333333,1446.66666666667,1710,1653.33333333333,1510,1845,1515,1590,1905,1590
"..1596",1574.28571428571,1553.33333333333,1513.33333333333,1520,1653.33333333333,1510,1845,1515,1590,1905,1590
"..1597",1588.57142857143,1443.33333333333,1513.33333333333,1520,1653.33333333333,1510,1745,1515,1655,1905,1590
"..1598",1588.57142857143,1443.33333333333,1513.33333333333,1520,1653.33333333333,1510,1745,1515,1655,1905,1590
"..1599",1545.71428571429,1553.33333333333,1513.33333333333,1520,1653.33333333333,1393.33333333333,1745,1515,1655,1905,1590
"..1600",1531.42857142857,1686.66666666667,1480,1520,1686.66666666667,1393.33333333333,1745,1515,1655,1905,1590
"..1601",1560,1686.66666666667,1513.33333333333,1520,1686.66666666667,1393.33333333333,1745,1715,1655,1905,1590
"..1602",1602.85714285714,1586.66666666667,1580,1705,1620,1393.33333333333,1745,1715,1740,1750,1590
"..1603",1602.85714285714,1586.66666666667,1580,1705,1570,1393.33333333333,1670,1715,1740,1750,1590
"..1604",1471.42857142857,1403.33333333333,1536.66666666667,1580,1570,1223.33333333333,1670,1715,1790,1750,1550
"..1605",1517.14285714286,1403.33333333333,1536.66666666667,1580,1570,1223.33333333333,1670,1715,1740,1950,1550
"..1606",1595.71428571429,1400,1536.66666666667,1580,1570,1323.33333333333,1685,1715,1815,1965,1550
"..1607",1625.71428571429,1400,1570,1580,1570,1323.33333333333,1685,1955,1895,2005,1550
"..1608",1625.71428571429,1400,1570,1580,1570,1323.33333333333,1685,2025,1895,2005,1550
"..1609",1687.14285714286,1603.33333333333,1510,1680,1576.66666666667,1576.66666666667,1685,2025,1895,2090,1490
"..1610",1725.71428571429,1553.33333333333,1493.33333333333,1680,1576.66666666667,1576.66666666667,1685,2025,1895,2090,1690
"..1611",1725.71428571429,1670,1493.33333333333,1680,1636.66666666667,1510,1685,2035,1895,2090,1690
"..1612",1771.42857142857,1670,1493.33333333333,1715,1636.66666666667,1510,1685,2035,2105,2345,1750
"..1613",1771.42857142857,1670,1603.33333333333,1715,1636.66666666667,1510,1720,2140,2140,2355,1750
"..1614",1882.85714285714,1820,1833.33333333333,1715,1820,1510,1945,2125,2140,2645,1750
"..1615",1868.57142857143,1820,1833.33333333333,2040,1820,1620,1945,2125,2140,2405,1800
"..1616",1874.28571428571,1853.33333333333,1833.33333333333,2040,1820,1620,1945,1910,2005,2405,1800
"..1617",1874.28571428571,1853.33333333333,1933.33333333333,2040,1820,1620,2095,1910,2005,2405,1855
"..1618",1874.28571428571,1953.33333333333,1933.33333333333,2040,1820,1620,2095,1910,2005,2405,1855
"..1619",1874.28571428571,1953.33333333333,1933.33333333333,2040,1820,1620,2095,1910,2005,2405,1855
"..1620",1874.28571428571,1953.33333333333,1933.33333333333,2040,1820,1620,2095,1910,2005,2405,1855
"..1621",1901.42857142857,1850,1830,2040,1883.33333333333,1653.33333333333,1940,1860,2005,2455,1940
"..1622",1882.85714285714,1850,1830,2040,1916.66666666667,1653.33333333333,1940,1865,2005,2455,1940
"..1623",1915.71428571429,1850,1830,2040,1916.66666666667,1653.33333333333,1995,1865,2005,2455,1940
"..1624",1875.71428571429,1683.33333333333,1770,2040,1823.33333333333,1593.33333333333,2010,1865,2005,2455,1800
"..1625",1875.71428571429,1683.33333333333,1770,1930,1823.33333333333,1593.33333333333,2010,1865,2040,2355,1800
"..1626",1832.85714285714,1683.33333333333,1770,1930,1823.33333333333,1593.33333333333,2010,1865,2090,2355,1800
"..1627",1875.71428571429,1683.33333333333,1770,1930,1823.33333333333,1593.33333333333,2010,1865,2090,2355,1800
"..1628",1832.85714285714,1683.33333333333,1770,1930,1823.33333333333,1593.33333333333,2010,1865,2090,2355,1800
"..1629",1965.71428571429,1990,2003.33333333333,1935,2056.66666666667,1686.66666666667,2220,1865,2090,2355,1940
"..1630",1907.14285714286,1990,2003.33333333333,1930,2056.66666666667,1686.66666666667,2220,2020,2090,2355,1940
"..1631",1945.71428571429,1990,2070,1930,2056.66666666667,1686.66666666667,2015,2020,2090,2355,1940
"..1632",1945.71428571429,1990,2136.66666666667,1930,2056.66666666667,1810,2015,1965,2090,2355,1940
"..1633",1945.71428571429,1990,2070,1930,2056.66666666667,1810,2015,1965,2090,2355,1940
"..1634",1828.57142857143,1856.66666666667,2003.33333333333,1680,2056.66666666667,1793.33333333333,2015,1965,2090,2240,1940
"..1635",1808.57142857143,1856.66666666667,2003.33333333333,1680,2056.66666666667,1810,2015,1925,2090,2005,1940
"..1636",1808.57142857143,1853.33333333333,1850,1680,1920,1710,2000,1925,2005,2240,1940
"..1637",1808.57142857143,1853.33333333333,1850,1680,1920,1710,2000,1925,1955,2240,1940
"..1638",1751.42857142857,1853.33333333333,1850,1680,1920,1676.66666666667,2000,1925,1955,2240,1940
"..1639",1831.42857142857,1653.33333333333,1850,1915,1920,1810,2000,1755,1890,2390,1915
"..1640",1831.42857142857,1653.33333333333,1850,1915,1920,1793.33333333333,2000,1755,1890,2205,1915
"..1641",1831.42857142857,1636.66666666667,1850,1915,1903.33333333333,1793.33333333333,1975,1755,1955,2205,1915
"..1642",1824.28571428571,1636.66666666667,1833.33333333333,1915,1903.33333333333,1793.33333333333,1975,1755,1890,2205,1830
"..1643",1815.71428571429,1636.66666666667,1833.33333333333,1915,1903.33333333333,1793.33333333333,1975,1755,1890,2205,1830
"..1644",1717.14285714286,1516.66666666667,1603.33333333333,1915,1656.66666666667,1716.66666666667,1745,1755,1890,2355,1715
"..1645",1727.14285714286,1516.66666666667,1603.33333333333,1915,1656.66666666667,1650,1745,1755,1890,2355,1715
"..1646",1727.14285714286,1516.66666666667,1603.33333333333,1915,1656.66666666667,1683.33333333333,1745,1755,1955,2355,1715
"..1647",1712.85714285714,1516.66666666667,1603.33333333333,1915,1656.66666666667,1683.33333333333,1745,1785,1955,2355,1715
"..1648",1751.42857142857,1516.66666666667,1603.33333333333,1915,1656.66666666667,1683.33333333333,1745,1795,1955,2355,1715
"..1649",1751.42857142857,1550,1566.66666666667,1915,1733.33333333333,1593.33333333333,1745,2040,1840,2180,1705
"..1650",1751.42857142857,1550,1566.66666666667,1915,1733.33333333333,1593.33333333333,1745,2040,1840,2180,1705
"..1651",1751.42857142857,1550,1620,1915,1733.33333333333,1593.33333333333,1745,2040,1840,2180,1705
"..1652",1784.28571428571,1550,1680,1915,1733.33333333333,1593.33333333333,1745,1540,1840,2265,1730
"..1653",1727.14285714286,1823.33333333333,1953.33333333333,1715,1733.33333333333,1526.66666666667,1745,1540,1840,2265,1730
"..1654",1844.28571428571,1823.33333333333,1953.33333333333,1715,2006.66666666667,1543.33333333333,1745,2040,1840,2405,1855
"..1655",1792.85714285714,1636.66666666667,1833.33333333333,1775,1886.66666666667,1543.33333333333,1975,2040,1840,2405,1855
"..1656",1798.57142857143,1636.66666666667,1833.33333333333,1775,1886.66666666667,1543.33333333333,1975,2040,2140,2405,1855
"..1657",1812.85714285714,1636.66666666667,1833.33333333333,1775,1886.66666666667,1543.33333333333,1975,2040,2140,2405,1855
"..1658",1875.71428571429,1760,1923.33333333333,1990,1976.66666666667,1843.33333333333,2110,2040,2005,2405,1855
"..1659",1875.71428571429,1760,1923.33333333333,1975,1976.66666666667,1843.33333333333,2110,2040,2005,2405,1855
"..1660",1832.85714285714,1826.66666666667,1863.33333333333,1975,1876.66666666667,1843.33333333333,1960,2040,2005,2405,1855
"..1661",1787.14285714286,1826.66666666667,1863.33333333333,1975,1876.66666666667,1843.33333333333,1960,2040,2005,2405,1855
"..1662",1815.71428571429,1826.66666666667,1863.33333333333,1975,1876.66666666667,1843.33333333333,1960,2040,2005,2405,1855
"..1663",1698.57142857143,1860,1573.33333333333,1925,1626.66666666667,1376.66666666667,1960,2040,2005,2405,1480
"..1664",1712.85714285714,1826.66666666667,1573.33333333333,1925,1626.66666666667,1376.66666666667,1960,2040,2005,2405,1480
"..1665",1752.85714285714,1860,1573.33333333333,1925,1626.66666666667,1376.66666666667,1960,2040,1955,2405,1490
"..1666",1752.85714285714,1826.66666666667,1573.33333333333,1925,1626.66666666667,1543.33333333333,1960,2040,1955,2405,1490
"..1667",1752.85714285714,1826.66666666667,1573.33333333333,1925,1626.66666666667,1576.66666666667,1960,2040,1955,2405,1490
"..1668",1805.71428571429,1826.66666666667,1573.33333333333,1775,1850,1700,1960,2040,1955,2405,1740
"..1669",1805.71428571429,1826.66666666667,1806.66666666667,1775,1850,1700,1960,2040,1955,2405,1740
"..1670",1805.71428571429,1826.66666666667,1806.66666666667,1775,1850,1700,1960,2040,1955,2405,1740
"..1671",1805.71428571429,1826.66666666667,1806.66666666667,1775,1850,1700,1960,2040,1955,2405,1740
"..1672",1741.42857142857,1826.66666666667,1806.66666666667,1775,1850,1700,1960,2040,1970,2105,1740
"..1673",1751.42857142857,1560,1673.33333333333,1825,1716.66666666667,1706.66666666667,1760,2040,1970,2105,1825
"..1674",1814.28571428571,1560,1673.33333333333,1825,1716.66666666667,1906.66666666667,1795,2040,1970,2105,1825
"..1675",1751.42857142857,1693.33333333333,1643.33333333333,1825,1716.66666666667,2023.33333333333,1795,2040,1970,2105,1825
"..1676",1837.14285714286,1693.33333333333,1643.33333333333,1825,1723.33333333333,2023.33333333333,1795,2040,1970,2105,1825
"..1677",1791.42857142857,1826.66666666667,1800,1825,1853.33333333333,2020,1970,2040,1970,2105,1995
"..1678",1791.42857142857,1826.66666666667,1836.66666666667,1825,1853.33333333333,2020,1970,2040,1970,2105,1995
"..1679",1791.42857142857,1693.33333333333,1800,1825,1853.33333333333,2020,1970,2040,1970,2295,1995
"..1680",1708.57142857143,1693.33333333333,1606.66666666667,1825,1660,1553.33333333333,1970,2040,1970,2295,1540
"..1681",1655.71428571429,1693.33333333333,1606.66666666667,1825,1660,1553.33333333333,1970,2040,1970,2295,1540
"..1682",1640,1826.66666666667,1606.66666666667,1825,1660,1553.33333333333,1970,2040,1920,2295,1540
"..1683",1640,1813.33333333333,1593.33333333333,1825,1646.66666666667,1553.33333333333,1975,1870,1920,2295,1485
"..1684",1554.28571428571,1543.33333333333,1390,1975,1443.33333333333,1553.33333333333,1670,1640,1920,2295,1485
"..1685",1517.14285714286,1376.66666666667,1490,1975,1540,1650,1670,1640,1870,2030,1685
"..1686",1588.57142857143,1376.66666666667,1490,1975,1540,1616.66666666667,1670,1640,1815,2030,1685
"..1687",1502.85714285714,1376.66666666667,1490,1975,1540,1616.66666666667,1670,1625,1780,2030,1685
"..1688",1561.42857142857,1446.66666666667,1553.33333333333,1890,1606.66666666667,1756.66666666667,1725,1625,1730,2315,1635
"..1689",1552.85714285714,1446.66666666667,1553.33333333333,1890,1606.66666666667,1646.66666666667,1725,1625,1530,2315,1635
"..1690",1574.28571428571,1513.33333333333,1553.33333333333,1890,1606.66666666667,1786.66666666667,1725,1625,1745,2315,1635
"..1691",1598.57142857143,1513.33333333333,1553.33333333333,1960,1606.66666666667,1786.66666666667,1725,1625,1745,2325,1635
"..1692",1584.28571428571,1580,1553.33333333333,1805,1470,1650,1725,1625,1695,2325,1635
"..1693",1407.14285714286,1166.66666666667,1296.66666666667,1435,1316.66666666667,1283.33333333333,1545,1625,1695,2325,1470
"..1694",1407.14285714286,1166.66666666667,1296.66666666667,1435,1316.66666666667,1283.33333333333,1545,1635,1665,2325,1470
"..1695",1432.85714285714,1586.66666666667,1423.33333333333,1435,1443.33333333333,1283.33333333333,1735,1635,1665,2325,1470
"..1696",1432.85714285714,1586.66666666667,1423.33333333333,1435,1443.33333333333,1283.33333333333,1735,1635,1565,2250,1470
"..1697",1375.71428571429,1386.66666666667,1423.33333333333,1435,1443.33333333333,1393.33333333333,1735,1800,1565,2250,1470
"..1698",1434.28571428571,1386.66666666667,1533.33333333333,1775,1553.33333333333,1533.33333333333,1715,1800,1565,2240,1655
"..1699",1452.85714285714,1386.66666666667,1533.33333333333,1725,1553.33333333333,1533.33333333333,1715,1800,1545,2150,1655
"..1700",1505.71428571429,1373.33333333333,1533.33333333333,1535,1553.33333333333,1500,1715,1800,1600,2150,1655
"..1701",1505.71428571429,1373.33333333333,1533.33333333333,1535,1553.33333333333,1500,1715,1770,1570,2150,1655
"..1702",1562.85714285714,1373.33333333333,1533.33333333333,1535,1553.33333333333,1500,1715,1745,1550,2150,1655
"..1703",1467.14285714286,1373.33333333333,1276.66666666667,1695,1553.33333333333,1516.66666666667,1715,1695,1550,1690,1320
"..1704",1460,1356.66666666667,1260,1695,1536.66666666667,1516.66666666667,1715,1695,1550,1690,1320
"..1705",1422.85714285714,1490,1293.33333333333,1695,1313.33333333333,1276.66666666667,1690,1695,1495,1690,1320
"..1706",1394.28571428571,1490,1293.33333333333,1695,1313.33333333333,1276.66666666667,1690,1695,1495,1690,1285
"..1707",1294.28571428571,1490,1293.33333333333,1695,1313.33333333333,1276.66666666667,1690,1695,1495,1690,1285
"..1708",1400,1256.66666666667,1516.66666666667,1505,1536.66666666667,1500,1690,1695,1530,2035,1620
"..1709",1370,1256.66666666667,1516.66666666667,1505,1536.66666666667,1500,1690,1695,1565,2035,1620
"..1710",1390,1256.66666666667,1516.66666666667,1505,1536.66666666667,1500,1690,1695,1620,2025,1620
"..1711",1390,1256.66666666667,1516.66666666667,1505,1536.66666666667,1500,1690,1695,1620,2025,1620
"..1712",1390,1256.66666666667,1516.66666666667,1505,1536.66666666667,1500,1690,1695,1620,2025,1620
"..1713",1391.42857142857,1483.33333333333,1586.66666666667,1480,1530,1370,1680,1695,1440,2030,1540
"..1714",1417.14285714286,1483.33333333333,1456.66666666667,1480,1530,1370,1680,1695,1595,2030,1540
"..1715",1431.42857142857,1316.66666666667,1456.66666666667,1480,1530,1503.33333333333,1680,1740,1595,2030,1650
"..1716",1431.42857142857,1316.66666666667,1456.66666666667,1480,1530,1503.33333333333,1680,1740,1690,1950,1650
"..1717",1474.28571428571,1483.33333333333,1456.66666666667,1480,1530,1503.33333333333,1680,1740,1690,1950,1650
"..1718",1508.57142857143,1520,1336.66666666667,1730,1356.66666666667,1416.66666666667,1730,1565,1690,1975,1310
"..1719",1555.71428571429,1516.66666666667,1336.66666666667,1785,1356.66666666667,1416.66666666667,1730,1565,1690,1975,1310
"..1720",1598.57142857143,1516.66666666667,1336.66666666667,1785,1356.66666666667,1450,1730,1565,1690,1975,1310
"..1721",1612.85714285714,1516.66666666667,1336.66666666667,1785,1356.66666666667,1450,1730,1565,1690,1975,1345
"..1722",1551.42857142857,1516.66666666667,1336.66666666667,1785,1356.66666666667,1450,1730,1565,1690,1975,1345
"..1723",1665.71428571429,1390,1670,1610,1690,1776.66666666667,1740,1565,1690,1985,1835
"..1724",1665.71428571429,1390,1670,1670,1690,1776.66666666667,1740,1590,1690,1985,1835
"..1725",1665.71428571429,1523.33333333333,1670,1895,1690,1776.66666666667,1740,1920,1690,1985,1835
"..1726",1665.71428571429,1390,1670,1895,1690,1776.66666666667,1740,1920,1690,1985,1835
"..1727",1684.28571428571,1390,1670,1950,1690,1776.66666666667,1740,1935,1690,1985,1835
"..1728",1498.57142857143,1470,1483.33333333333,1950,1503.33333333333,1643.33333333333,1760,1935,1675,1985,1535
"..1729",1498.57142857143,1470,1483.33333333333,1850,1503.33333333333,1643.33333333333,1760,1935,1675,1985,1535
"..1730",1574.28571428571,1570,1483.33333333333,1850,1503.33333333333,1643.33333333333,1760,1935,1675,1985,1535
"..1731",1574.28571428571,1470,1483.33333333333,1850,1503.33333333333,1643.33333333333,1760,1935,1695,1985,1535
"..1732",1560,1470,1483.33333333333,1850,1503.33333333333,1576.66666666667,1760,1935,1695,1985,1535
"..1733",1680,1456.66666666667,1680,1915,1700,1576.66666666667,1790,1935,1695,2030,1800
"..1734",1645.71428571429,1456.66666666667,1680,1965,1700,1576.66666666667,1790,1935,1695,2030,1800
"..1735",1698.57142857143,1590,1680,2000,1723.33333333333,1576.66666666667,1790,1935,1740,2030,1800
"..1736",1741.42857142857,1456.66666666667,1680,2000,1723.33333333333,1753.33333333333,1790,1935,1770,2030,1800
"..1737",1741.42857142857,1456.66666666667,1680,2000,1700,1753.33333333333,1790,1935,1770,2060,1800
"..1738",1672.85714285714,1606.66666666667,1703.33333333333,1675,1723.33333333333,1576.66666666667,1815,1490,1725,1920,1800
"..1739",1674.28571428571,1606.66666666667,1703.33333333333,1675,1723.33333333333,1576.66666666667,1815,1490,1725,1915,1800
"..1740",1655.71428571429,1473.33333333333,1703.33333333333,2000,1723.33333333333,1576.66666666667,1815,1490,1725,1815,1800
"..1741",1722.85714285714,1423.33333333333,1726.66666666667,2000,1746.66666666667,1693.33333333333,1850,1490,1725,1815,1800
"..1742",1642.85714285714,1456.66666666667,1726.66666666667,2000,1683.33333333333,1630,1850,1490,1725,1970,1715
"..1743",1642.85714285714,1456.66666666667,1663.33333333333,1950,1683.33333333333,1630,1850,1465,1725,1970,1715
"..1744",1547.14285714286,1456.66666666667,1663.33333333333,1950,1683.33333333333,1630,1850,1680,1820,1970,1715
"..1745",1547.14285714286,1456.66666666667,1663.33333333333,1950,1683.33333333333,1630,1850,1680,1820,1970,1715
